adapter,config_file,status,exit_code,duration_s,command,note,stdout_path,stderr_path
milvus,/home/data/htang228/ML_files/MaxionBench/configs/conformance/milvus.json,pass,0,64.484113,"/home/htang228/anaconda3/envs/maxion/bin/python3.11 -m maxionbench.conformance.run --adapter milvus --adapter-options-json {""host"":""${MAXIONBENCH_MILVUS_HOST:-127.0.0.1}"",""port"":""${MAXIONBENCH_MILVUS_PORT:-19530}""} --collection conformance --dimension 4 --metric ip","{""event"": ""conformance_test_start"", ""nodeid"": ""maxionbench/conformance/test_conformance.py::test_healthcheck""}
{""adapter"": ""milvus"", ""adapter_options"": {""host"": ""127.0.0.1"", ""port"": ""19530""}, ""collection"": ""conformance"", ""dimension"": 4, ""event"": ""conformance_adapter_context"", ""metric"": ""ip""}
.{""duration_s"": 0.000328, ""event"": ""conformance_test_end"", ""nodeid"": ""maxionbench/conformance/test_conformance.py::test_healthcheck"", ""outcome"": ""passed""}
{""event"": ""conformance_test_start"", ""nodeid"": ""maxionbench/conformance/test_conformance.py::test_flush_controls_visibility""}
{""adapter"": ""milvus"", ""adapter_options"": {""host"": ""127.0.0.1"", ""port"": ""19530""}, ""collection"": ""conformance"", ""dimension"": 4, ""event"": ""conformance_adapter_context"", ""metric"": ""ip""}
.{""duration_s"": 3.980219, ""event"": ""conformance_test_end"", ""nodeid"": ""maxionbench/conformance/test_conformance.py::test_flush_controls_visibility"", ""outcome"": ""passed""}
{""event"": ""conformance_test_start"", ""nodeid"": ""maxionbench/conformance/test_conformance.py::test_filter_correctness""}
{""adapter"": ""milvus"", ""adapter_options"": {""host"": ""127.0.0.1"", ""port"": ""19530""}, ""collection"": ""conformance"", ""dimension"": 4, ""event"": ""conformance_adapter_context"", ""metric"": ""ip""}
.{""duration_s"": 4.02752, ""event"": ""conformance_test_end"", ""nodeid"": ""maxionbench/conformance/test_conformance.py::test_filter_correctness"", ""outcome"": ""passed""}
{""event"": ""conformance_test_start"", ""nodeid"": ""maxionbench/conformance/test_conformance.py::test_update_vectors_semantics""}
{""adapter"": ""milvus"", ""adapter_options"": {""host"": ""127.0.0.1"", ""port"": ""19530""}, ""collection"": ""conformance"", ""dimension"": 4, ""event"": ""conformance_adapter_context"", ""metric"": ""ip""}
.{""duration_s"": 8.225217, ""event"": ""conformance_test_end"", ""nodeid"": ""maxionbench/conformance/test_conformance.py::test_update_vectors_semantics"", ""outcome"": ""passed""}
{""event"": ""conformance_test_start"", ""nodeid"": ""maxionbench/conformance/test_conformance.py::test_update_payload_semantics""}
{""adapter"": ""milvus"", ""adapter_options"": {""host"": ""127.0.0.1"", ""port"": ""19530""}, ""collection"": ""conformance"", ""dimension"": 4, ""event"": ""conformance_adapter_context"", ""metric"": ""ip""}
.{""duration_s"": 8.577998, ""event"": ""conformance_test_end"", ""nodeid"": ""maxionbench/conformance/test_conformance.py::test_update_payload_semantics"", ""outcome"": ""passed""}
{""event"": ""conformance_test_start"", ""nodeid"": ""maxionbench/conformance/test_conformance.py::test_delete_semantics""}
{""adapter"": ""milvus"", ""adapter_options"": {""host"": ""127.0.0.1"", ""port"": ""19530""}, ""collection"": ""conformance"", ""dimension"": 4, ""event"": ""conformance_adapter_context"", ""metric"": ""ip""}
.{""duration_s"": 8.958296, ""event"": ""conformance_test_end"", ""nodeid"": ""maxionbench/conformance/test_conformance.py::test_delete_semantics"", ""outcome"": ""passed""}
{""event"": ""conformance_test_start"", ""nodeid"": ""maxionbench/conformance/test_conformance.py::test_insert_and_batch_query""}
{""adapter"": ""milvus"", ""adapter_options"": {""host"": ""127.0.0.1"", ""port"": ""19530""}, ""collection"": ""conformance"", ""dimension"": 4, ""event"": ""conformance_adapter_context"", ""metric"": ""ip""}
.{""duration_s"": 4.431462, ""event"": ""conformance_test_end"", ""nodeid"": ""maxionbench/conformance/test_conformance.py::test_insert_and_batch_query"", ""outcome"": ""passed""}
{""event"": ""conformance_test_start"", ""nodeid"": ""maxionbench/conformance/test_conformance.py::test_stats_minimum_fields""}
{""adapter"": ""milvus"", ""adapter_options"": {""host"": ""127.0.0.1"", ""port"": ""19530""}, ""collection"": ""conformance"", ""dimension"": 4, ""event"": ""conformance_adapter_context"", ""metric"": ""ip""}
.{""duration_s"": 4.026466, ""event"": ""conformance_test_end"", ""nodeid"": ""maxionbench/conformance/test_conformance.py::test_stats_minimum_fields"", ""outcome"": ""passed""}
{""event"": ""conformance_test_start"", ""nodeid"": ""maxionbench/conformance/test_conformance.py::test_optimize_or_compact_does_not_break_read_path""}
{""adapter"": ""milvus"", ""adapter_options"": {""host"": ""127.0.0.1"", ""port"": ""19530""}, ""collection"": ""conformance"", ""dimension"": 4, ""ev...(truncated)",/home/data/htang228/ML_files/MaxionBench/results_quick_check/conformance/adapter_logs/milvus__milvus.stdout.txt,/home/data/htang228/ML_files/MaxionBench/results_quick_check/conformance/adapter_logs/milvus__milvus.stderr.txt
opensearch,/home/data/htang228/ML_files/MaxionBench/configs/conformance/opensearch.json,pass,0,13.612528,"/home/htang228/anaconda3/envs/maxion/bin/python3.11 -m maxionbench.conformance.run --adapter opensearch --adapter-options-json {""host"":""${MAXIONBENCH_OPENSEARCH_HOST:-127.0.0.1}"",""port"":""${MAXIONBENCH_OPENSEARCH_PORT:-9200}"",""scheme"":""${MAXIONBENCH_OPENSEARCH_SCHEME:-http}"",""verify_ssl"":false} --collection conformance --dimension 4 --metric ip","{""event"": ""conformance_test_start"", ""nodeid"": ""maxionbench/conformance/test_conformance.py::test_healthcheck""}
{""adapter"": ""opensearch"", ""adapter_options"": {""host"": ""127.0.0.1"", ""port"": ""9200"", ""scheme"": ""http"", ""verify_ssl"": false}, ""collection"": ""conformance"", ""dimension"": 4, ""event"": ""conformance_adapter_context"", ""metric"": ""ip""}
.{""duration_s"": 0.002947, ""event"": ""conformance_test_end"", ""nodeid"": ""maxionbench/conformance/test_conformance.py::test_healthcheck"", ""outcome"": ""passed""}
{""event"": ""conformance_test_start"", ""nodeid"": ""maxionbench/conformance/test_conformance.py::test_flush_controls_visibility""}
{""adapter"": ""opensearch"", ""adapter_options"": {""host"": ""127.0.0.1"", ""port"": ""9200"", ""scheme"": ""http"", ""verify_ssl"": false}, ""collection"": ""conformance"", ""dimension"": 4, ""event"": ""conformance_adapter_context"", ""metric"": ""ip""}
.{""duration_s"": 0.88787, ""event"": ""conformance_test_end"", ""nodeid"": ""maxionbench/conformance/test_conformance.py::test_flush_controls_visibility"", ""outcome"": ""passed""}
{""event"": ""conformance_test_start"", ""nodeid"": ""maxionbench/conformance/test_conformance.py::test_filter_correctness""}
{""adapter"": ""opensearch"", ""adapter_options"": {""host"": ""127.0.0.1"", ""port"": ""9200"", ""scheme"": ""http"", ""verify_ssl"": false}, ""collection"": ""conformance"", ""dimension"": 4, ""event"": ""conformance_adapter_context"", ""metric"": ""ip""}
.{""duration_s"": 0.839521, ""event"": ""conformance_test_end"", ""nodeid"": ""maxionbench/conformance/test_conformance.py::test_filter_correctness"", ""outcome"": ""passed""}
{""event"": ""conformance_test_start"", ""nodeid"": ""maxionbench/conformance/test_conformance.py::test_update_vectors_semantics""}
{""adapter"": ""opensearch"", ""adapter_options"": {""host"": ""127.0.0.1"", ""port"": ""9200"", ""scheme"": ""http"", ""verify_ssl"": false}, ""collection"": ""conformance"", ""dimension"": 4, ""event"": ""conformance_adapter_context"", ""metric"": ""ip""}
.{""duration_s"": 1.815967, ""event"": ""conformance_test_end"", ""nodeid"": ""maxionbench/conformance/test_conformance.py::test_update_vectors_semantics"", ""outcome"": ""passed""}
{""event"": ""conformance_test_start"", ""nodeid"": ""maxionbench/conformance/test_conformance.py::test_update_payload_semantics""}
{""adapter"": ""opensearch"", ""adapter_options"": {""host"": ""127.0.0.1"", ""port"": ""9200"", ""scheme"": ""http"", ""verify_ssl"": false}, ""collection"": ""conformance"", ""dimension"": 4, ""event"": ""conformance_adapter_context"", ""metric"": ""ip""}
.{""duration_s"": 1.861832, ""event"": ""conformance_test_end"", ""nodeid"": ""maxionbench/conformance/test_conformance.py::test_update_payload_semantics"", ""outcome"": ""passed""}
{""event"": ""conformance_test_start"", ""nodeid"": ""maxionbench/conformance/test_conformance.py::test_delete_semantics""}
{""adapter"": ""opensearch"", ""adapter_options"": {""host"": ""127.0.0.1"", ""port"": ""9200"", ""scheme"": ""http"", ""verify_ssl"": false}, ""collection"": ""conformance"", ""dimension"": 4, ""event"": ""conformance_adapter_context"", ""metric"": ""ip""}
.{""duration_s"": 1.865165, ""event"": ""conformance_test_end"", ""nodeid"": ""maxionbench/conformance/test_conformance.py::test_delete_semantics"", ""outcome"": ""passed""}
{""event"": ""conformance_test_start"", ""nodeid"": ""maxionbench/conformance/test_conformance.py::test_insert_and_batch_query""}
{""adapter"": ""opensearch"", ""adapter_options"": {""host"": ""127.0.0.1"", ""port"": ""9200"", ""scheme"": ""http"", ""verify_ssl"": false}, ""collection"": ""conformance"", ""dimension"": 4, ""event"": ""conformance_adapter_context"", ""metric"": ""ip""}
.{""duration_s"": 0.865397, ""event"": ""conformance_test_end"", ""nodeid"": ""maxionbench/conformance/test_conformance.py::test_insert_and_batch_query"", ""outcome"": ""passed""}
{""event"": ""conformance_test_start"", ""nodeid"": ""maxionbench/conformance/test_conformance.py::test_stats_minimum_fields""}
{""adapter"": ""opensearch"", ""adapter_options"": {""host"": ""127.0.0.1"", ""port"": ""9200"", ""scheme"": ""http"", ""verify_ssl"": false}, ""collection"": ""conformance"", ""dimension"": 4, ""event"": ""conformance_adapter_context"", ""metric"": ""ip""}
.{""duration_s"": 0.81398, ""event"": ""conformance_test_end"", ""nodeid"": ""maxionbench/conformance/test_con...(truncated)",/home/data/htang228/ML_files/MaxionBench/results_quick_check/conformance/adapter_logs/opensearch__opensearch.stdout.txt,/home/data/htang228/ML_files/MaxionBench/results_quick_check/conformance/adapter_logs/opensearch__opensearch.stderr.txt
pgvector,/home/data/htang228/ML_files/MaxionBench/configs/conformance/pgvector.json,fail,1,0.996821,"/home/htang228/anaconda3/envs/maxion/bin/python3.11 -m maxionbench.conformance.run --adapter pgvector --adapter-options-json {""dsn"":""${MAXIONBENCH_PGVECTOR_DSN:-postgresql://postgres:postgres@127.0.0.1:5432/postgres}"",""schema"":""public"",""index_method"":""none""} --collection conformance --dimension 4 --metric ip","{""event"": ""conformance_test_start"", ""nodeid"": ""maxionbench/conformance/test_conformance.py::test_healthcheck""}
{""adapter"": ""pgvector"", ""adapter_options"": {""dsn"": ""postgresql://postgres:postgres@127.0.0.1:5432/postgres"", ""index_method"": ""none"", ""schema"": ""public""}, ""collection"": ""conformance"", ""dimension"": 4, ""event"": ""conformance_adapter_context"", ""metric"": ""ip""}
E{""event"": ""conformance_test_start"", ""nodeid"": ""maxionbench/conformance/test_conformance.py::test_flush_controls_visibility""}
{""adapter"": ""pgvector"", ""adapter_options"": {""dsn"": ""postgresql://postgres:postgres@127.0.0.1:5432/postgres"", ""index_method"": ""none"", ""schema"": ""public""}, ""collection"": ""conformance"", ""dimension"": 4, ""event"": ""conformance_adapter_context"", ""metric"": ""ip""}
E{""event"": ""conformance_test_start"", ""nodeid"": ""maxionbench/conformance/test_conformance.py::test_filter_correctness""}
{""adapter"": ""pgvector"", ""adapter_options"": {""dsn"": ""postgresql://postgres:postgres@127.0.0.1:5432/postgres"", ""index_method"": ""none"", ""schema"": ""public""}, ""collection"": ""conformance"", ""dimension"": 4, ""event"": ""conformance_adapter_context"", ""metric"": ""ip""}
E{""event"": ""conformance_test_start"", ""nodeid"": ""maxionbench/conformance/test_conformance.py::test_update_vectors_semantics""}
{""adapter"": ""pgvector"", ""adapter_options"": {""dsn"": ""postgresql://postgres:postgres@127.0.0.1:5432/postgres"", ""index_method"": ""none"", ""schema"": ""public""}, ""collection"": ""conformance"", ""dimension"": 4, ""event"": ""conformance_adapter_context"", ""metric"": ""ip""}
E{""event"": ""conformance_test_start"", ""nodeid"": ""maxionbench/conformance/test_conformance.py::test_update_payload_semantics""}
{""adapter"": ""pgvector"", ""adapter_options"": {""dsn"": ""postgresql://postgres:postgres@127.0.0.1:5432/postgres"", ""index_method"": ""none"", ""schema"": ""public""}, ""collection"": ""conformance"", ""dimension"": 4, ""event"": ""conformance_adapter_context"", ""metric"": ""ip""}
E{""event"": ""conformance_test_start"", ""nodeid"": ""maxionbench/conformance/test_conformance.py::test_delete_semantics""}
{""adapter"": ""pgvector"", ""adapter_options"": {""dsn"": ""postgresql://postgres:postgres@127.0.0.1:5432/postgres"", ""index_method"": ""none"", ""schema"": ""public""}, ""collection"": ""conformance"", ""dimension"": 4, ""event"": ""conformance_adapter_context"", ""metric"": ""ip""}
E{""event"": ""conformance_test_start"", ""nodeid"": ""maxionbench/conformance/test_conformance.py::test_insert_and_batch_query""}
{""adapter"": ""pgvector"", ""adapter_options"": {""dsn"": ""postgresql://postgres:postgres@127.0.0.1:5432/postgres"", ""index_method"": ""none"", ""schema"": ""public""}, ""collection"": ""conformance"", ""dimension"": 4, ""event"": ""conformance_adapter_context"", ""metric"": ""ip""}
E{""event"": ""conformance_test_start"", ""nodeid"": ""maxionbench/conformance/test_conformance.py::test_stats_minimum_fields""}
{""adapter"": ""pgvector"", ""adapter_options"": {""dsn"": ""postgresql://postgres:postgres@127.0.0.1:5432/postgres"", ""index_method"": ""none"", ""schema"": ""public""}, ""collection"": ""conformance"", ""dimension"": 4, ""event"": ""conformance_adapter_context"", ""metric"": ""ip""}
E{""event"": ""conformance_test_start"", ""nodeid"": ""maxionbench/conformance/test_conformance.py::test_optimize_or_compact_does_not_break_read_path""}
{""adapter"": ""pgvector"", ""adapter_options"": {""dsn"": ""postgresql://postgres:postgres@127.0.0.1:5432/postgres"", ""index_method"": ""none"", ""schema"": ""public""}, ""collection"": ""conformance"", ""dimension"": 4, ""event"": ""conformance_adapter_context"", ""metric"": ""ip""}
E
==================================== ERRORS ====================================
______________________ ERROR at setup of test_healthcheck ______________________

    @pytest.fixture()
    def adapter() -> Iterable[object]:
        adapter_name = os.environ.get(""MAXIONBENCH_CONFORMANCE_ADAPTER"", ""mock"")
        options_json = os.environ.get(""MAXIONBENCH_CONFORMANCE_ADAPTER_OPTIONS_JSON"", ""{}"")
        options = json.loads(options_json)
        collection = os.environ.get(""MAXIONBENCH_CONFORMANCE_COLLECTION"", ""conformance"")
        dimension = int(os.environ.get(""MAXIONBENCH_CONFORMANC...(truncated)",/home/data/htang228/ML_files/MaxionBench/results_quick_check/conformance/adapter_logs/pgvector__pgvector.stdout.txt,/home/data/htang228/ML_files/MaxionBench/results_quick_check/conformance/adapter_logs/pgvector__pgvector.stderr.txt
weaviate,/home/data/htang228/ML_files/MaxionBench/configs/conformance/weaviate.json,pass,0,5.641861,"/home/htang228/anaconda3/envs/maxion/bin/python3.11 -m maxionbench.conformance.run --adapter weaviate --adapter-options-json {""host"":""${MAXIONBENCH_WEAVIATE_HOST:-127.0.0.1}"",""port"":""${MAXIONBENCH_WEAVIATE_PORT:-8080}"",""scheme"":""${MAXIONBENCH_WEAVIATE_SCHEME:-http}""} --collection conformance --dimension 4 --metric ip","{""event"": ""conformance_test_start"", ""nodeid"": ""maxionbench/conformance/test_conformance.py::test_healthcheck""}
{""adapter"": ""weaviate"", ""adapter_options"": {""host"": ""127.0.0.1"", ""port"": ""8080"", ""scheme"": ""http""}, ""collection"": ""conformance"", ""dimension"": 4, ""event"": ""conformance_adapter_context"", ""metric"": ""ip""}
.{""duration_s"": 0.003008, ""event"": ""conformance_test_end"", ""nodeid"": ""maxionbench/conformance/test_conformance.py::test_healthcheck"", ""outcome"": ""passed""}
{""event"": ""conformance_test_start"", ""nodeid"": ""maxionbench/conformance/test_conformance.py::test_flush_controls_visibility""}
{""adapter"": ""weaviate"", ""adapter_options"": {""host"": ""127.0.0.1"", ""port"": ""8080"", ""scheme"": ""http""}, ""collection"": ""conformance"", ""dimension"": 4, ""event"": ""conformance_adapter_context"", ""metric"": ""ip""}
.{""duration_s"": 0.189034, ""event"": ""conformance_test_end"", ""nodeid"": ""maxionbench/conformance/test_conformance.py::test_flush_controls_visibility"", ""outcome"": ""passed""}
{""event"": ""conformance_test_start"", ""nodeid"": ""maxionbench/conformance/test_conformance.py::test_filter_correctness""}
{""adapter"": ""weaviate"", ""adapter_options"": {""host"": ""127.0.0.1"", ""port"": ""8080"", ""scheme"": ""http""}, ""collection"": ""conformance"", ""dimension"": 4, ""event"": ""conformance_adapter_context"", ""metric"": ""ip""}
.{""duration_s"": 0.188282, ""event"": ""conformance_test_end"", ""nodeid"": ""maxionbench/conformance/test_conformance.py::test_filter_correctness"", ""outcome"": ""passed""}
{""event"": ""conformance_test_start"", ""nodeid"": ""maxionbench/conformance/test_conformance.py::test_update_vectors_semantics""}
{""adapter"": ""weaviate"", ""adapter_options"": {""host"": ""127.0.0.1"", ""port"": ""8080"", ""scheme"": ""http""}, ""collection"": ""conformance"", ""dimension"": 4, ""event"": ""conformance_adapter_context"", ""metric"": ""ip""}
.{""duration_s"": 0.36659, ""event"": ""conformance_test_end"", ""nodeid"": ""maxionbench/conformance/test_conformance.py::test_update_vectors_semantics"", ""outcome"": ""passed""}
{""event"": ""conformance_test_start"", ""nodeid"": ""maxionbench/conformance/test_conformance.py::test_update_payload_semantics""}
{""adapter"": ""weaviate"", ""adapter_options"": {""host"": ""127.0.0.1"", ""port"": ""8080"", ""scheme"": ""http""}, ""collection"": ""conformance"", ""dimension"": 4, ""event"": ""conformance_adapter_context"", ""metric"": ""ip""}
.{""duration_s"": 0.36428, ""event"": ""conformance_test_end"", ""nodeid"": ""maxionbench/conformance/test_conformance.py::test_update_payload_semantics"", ""outcome"": ""passed""}
{""event"": ""conformance_test_start"", ""nodeid"": ""maxionbench/conformance/test_conformance.py::test_delete_semantics""}
{""adapter"": ""weaviate"", ""adapter_options"": {""host"": ""127.0.0.1"", ""port"": ""8080"", ""scheme"": ""http""}, ""collection"": ""conformance"", ""dimension"": 4, ""event"": ""conformance_adapter_context"", ""metric"": ""ip""}
.{""duration_s"": 0.35898, ""event"": ""conformance_test_end"", ""nodeid"": ""maxionbench/conformance/test_conformance.py::test_delete_semantics"", ""outcome"": ""passed""}
{""event"": ""conformance_test_start"", ""nodeid"": ""maxionbench/conformance/test_conformance.py::test_insert_and_batch_query""}
{""adapter"": ""weaviate"", ""adapter_options"": {""host"": ""127.0.0.1"", ""port"": ""8080"", ""scheme"": ""http""}, ""collection"": ""conformance"", ""dimension"": 4, ""event"": ""conformance_adapter_context"", ""metric"": ""ip""}
.{""duration_s"": 0.196809, ""event"": ""conformance_test_end"", ""nodeid"": ""maxionbench/conformance/test_conformance.py::test_insert_and_batch_query"", ""outcome"": ""passed""}
{""event"": ""conformance_test_start"", ""nodeid"": ""maxionbench/conformance/test_conformance.py::test_stats_minimum_fields""}
{""adapter"": ""weaviate"", ""adapter_options"": {""host"": ""127.0.0.1"", ""port"": ""8080"", ""scheme"": ""http""}, ""collection"": ""conformance"", ""dimension"": 4, ""event"": ""conformance_adapter_context"", ""metric"": ""ip""}
.{""duration_s"": 0.178465, ""event"": ""conformance_test_end"", ""nodeid"": ""maxionbench/conformance/test_conformance.py::test_stats_minimum_fields"", ""outcome"": ""passed""}
{""event"": ""conformance_test_start"", ""nodeid"": ""maxionbench/conformance/test_conformance.py::test_optimize_or_compact_does_n...(truncated)",/home/data/htang228/ML_files/MaxionBench/results_quick_check/conformance/adapter_logs/weaviate__weaviate.stdout.txt,/home/data/htang228/ML_files/MaxionBench/results_quick_check/conformance/adapter_logs/weaviate__weaviate.stderr.txt
